"","age","shoeSize","score"
"1",5,24.8318890603793,32.2938495839488
"2",6,25.9523777560525,36.6310493083567
"3",11,30.4216999780072,49.6059270315876
